asset,pexels_id,alt_text,source_url,licence,widths
hero,12119354,A bright modern bathroom with a glass shower and a freestanding bathtub,https://www.pexels.com/photo/12119354/,Pexels License,1600 1000 640
cost,38076239,A tradesperson applying drywall mud to a wall during a bathroom renovation,https://www.pexels.com/photo/38076239/,Pexels License,720 400
guide,7173665,A contemporary bathroom with a bathtub and separate shower,https://www.pexels.com/photo/7173665/,Pexels License,720 400
choosing,6474131,A construction worker using a mixer to prepare plaster indoors,https://www.pexels.com/photo/6474131/,Pexels License,720 400
problems,38934134,A hand applying a fresh bead of caulk during a renovation,https://www.pexels.com/photo/38934134/,Pexels License,720 400
ideas,19889117,A bathroom finished in white marble tile with black accents and a freestanding tub,https://www.pexels.com/photo/19889117/,Pexels License,720 400
diy,11806490,A gloved hand aligning floor tiles using levelling spacers,https://www.pexels.com/photo/11806490/,Pexels License,720 400
process,29181495,A partially tiled wall in a bathroom mid-renovation,https://www.pexels.com/photo/29181495/,Pexels License,720 400
editorial,6908361,A bathroom with a rectangular mirror and a glass shower cabin in soft light,https://www.pexels.com/photo/6908361/,Pexels License,1200 720
